,0,0,0,0,0,0,0,0,0,0,1,0,0,1,1,0,1,0,0,0,1,0,0,0,0,0,0,0,0,0,0
BEX1,8.98,-0.1,-1.71,11.79,3.19,3.71,0.56,-1.31,0.07,-1.04,-0.8,-0.06,-1.07,-0.47,-1.14,-0.68,3.94,0.59,-0.08,0.62,7.57,-0.39,2.08,0.33,0.01,-0.28,9.61,6.22,0.47,3.98,-0.01
S100A7,3.11,3.77,0,-0.55,-0.28,-0.22,4.7,-1.24,-1.06,6.96,8.09,8,0,-1.2,-1.6,0,-1.03,6.34,1.59,-0.79,0.32,0.76,-0.79,0.45,-0.76,9.52,0.61,-0.25,3,5.99,-0.09
KCNJ3,2.48,0,2.6,0.28,-1.43,6.25,-1.11,1.64,1.44,-4.22,-3.1,-3.44,-1.24,5.25,-1.52,5.25,0,1.96,1.86,4.82,-3.51,-1.52,5.53,-2.99,5.17,0.73,-0.86,0,-2.95,-2.8,5.16
SYT13,3.35,3,-0.11,3.28,-1.22,3.96,-1.03,3.67,-2.52,-1.58,1.14,-4.88,3.78,-5.02,-4.75,2.6,-0.66,-4.56,0,0,1.45,-3.06,6.33,-3.76,4.82,-2.96,1.49,-2.02,1.98,0.69,1.47
BMPR1B,0,0,0,0,0,0,0,0,0,0,0,0,0,0,0,0,0,0,0,0,0,0,0,0,0,0,0,0,0,0,0
BMPR1B,-1.57,1.82,-3.7,3.72,-0.4,4.29,-4.61,2.72,2.39,3.27,-0.21,0,3.85,-3.07,-2.79,4.15,2.66,-4.63,1.03,-4.5,-3.05,-2.12,3.23,2.77,4.23,-0.12,-1.77,-3.39,-3.55,1.04,0.96
BMPR1B,0,0,0,0,0,0,0,0,0,0,0,0,0,0,0,0,0,0,0,0,0,0,0,0,0,0,0,0,0,0,0
UGT2B11,-2.82,5.96,7.48,-0.32,0,0,-1.83,0,2.22,-1.83,2.05,-2.47,3.46,-3.02,-2.08,-3.02,0,2.63,-0.92,1.68,-0.11,-1.46,1.43,8.66,-0.61,1.36,-0.58,-2.09,-1.59,-1.33,0
SERPINA6,0.35,-0.2,-0.68,4.73,0.99,9.19,0.44,4.16,2.87,-0.54,-0.7,-0.44,0.53,-0.5,-0.69,-0.4,1.36,0.95,0,9.68,0.63,-0.89,0,7.37,-0.06,3.88,2.04,-0.19,-0.65,3.55,3.31
MUCL1,-3.65,0.09,0.24,3.06,1,3.47,2.49,-4.17,0.23,-4.58,-0.33,5.5,0.31,-4.96,2.9,-5.75,-1.71,5.27,0.27,-2.56,-2.72,-0.91,3.64,0,1.43,0,0,2.33,0,1.18,-0.6
PSCA,-3.3,0.15,2.66,-1.81,-0.88,-4.29,0,1.91,-4.44,-2.33,0.37,4.34,0.98,2.16,1.67,2.23,-2.91,5.93,5.51,0.36,-1.11,-1.73,-0.58,2.62,-3.93,5.15,0,2.88,-2.95,-0.49,-0.27
PSCA,0,0,0,0,0,0,0,0,0,0,0,0,0,0,0,0,0,0,0,0,0,0,0,0,0,0,0,0,0,0,0
FAM3B,-1.09,-0.02,-1.61,0.06,3.1,5.38,0,-2.33,3.1,-3.18,-1.39,-1.13,4.62,6.46,4.63,0,-2.5,3.91,-2.39,3.98,-0.28,0.76,0.79,-1.5,-5.17,-0.71,1.39,2.78,1.04,-2.92,-1.11
NPY1R,3.98,0,-1.32,2.16,4.22,4.37,0.59,7.58,1.61,0.81,-3.69,-0.78,2.11,-0.15,-3.61,0.36,0,0.53,-0.68,6.04,0.74,0.68,0,2.73,7.72,0,5.34,1.35,1.76,5.06,-0.97
TCN1,4.66,0,0,-0.13,0,6.47,3.87,3.78,3.55,0.11,0.95,-1.08,-3.28,5.93,-3.77,4.78,0,-2.45,2.15,0.99,-0.65,-1.15,0,4.52,-0.84,1.91,3.89,4.03,-2.91,0.99,-2.59
PDZK1,6.54,0,0,3.21,4.34,5.04,7.2,6.54,3.49,2.77,-1.44,0,2.79,4.24,-3.1,-1.21,-0.58,-0.43,2.77,0.91,4.85,4.78,-1.56,0.73,4.8,1.49,4.37,2.09,0.35,0,6.61
C1orf64,0.59,1.09,0.06,0.31,0.31,0.46,0.33,-2.53,0.5,-0.44,-3.88,-0.64,0.02,-3.74,-1.34,0.42,-0.18,-2.63,0.51,-2.79,0.48,-0.55,0.37,-0.01,-2.98,-2.48,0.87,-0.04,-0.21,-0.14,0.28
C1orf64,1.21,1.1,0.36,0.69,1.04,0.56,0.65,-4.29,1.16,-1.09,-8.17,-1,-0.16,-7.72,-2.03,0.96,-0.69,-4.8,0.82,-5.87,1.06,-1.31,1.09,-0.37,-5.67,-4.13,1.4,-0.36,-0.38,-0.21,1.05
MSMB,-2.14,0.42,1.21,-0.77,-0.33,6.83,-1.81,9.35,1.67,-2.06,-0.07,0.29,-0.17,-0.24,-3.31,1.71,2.44,-0.04,1.12,-2.31,0.08,-1.07,1.88,6.49,2.27,4.55,0.36,1.95,1.43,-0.07,0
MSMB,-1.84,0.7,1.11,-0.64,-0.39,6.62,-1.42,8.92,1.78,-2.12,-0.01,0.42,0,-0.07,-3.52,1.59,2.48,-0.17,0.99,-2.44,0.09,-1.25,1.97,6.3,2.27,4.54,0.22,1.81,1.46,0,-2.34
CEACAM6,-0.55,1.91,-2.4,-4.15,-4.09,2.28,-3.7,1.86,-0.67,-3.28,0.38,-1.78,2.99,-3.1,1.77,2.67,-1.21,-3.24,3.44,0.88,-2.5,-4.24,4.38,3.27,1.77,3.07,-3.92,0,-1.71,-1.82,2.74
CEACAM6,-0.27,1.69,-2.49,-4.48,-4.28,2.1,-3.64,1.57,-1.02,0,0.3,-1.6,3.35,-3.62,1.85,2.73,-1.37,-2.6,3.29,0.91,-2.29,-4.82,4.51,0,2.13,2.92,-5.08,-0.33,-1.76,-2.16,2.48
MSMB,-2.14,0.42,1.21,-0.77,-0.33,6.83,-1.81,9.35,1.67,-2.06,-0.07,0.29,-0.17,-0.24,-3.31,1.71,2.44,-0.04,1.12,-2.31,0.08,-1.07,1.88,6.49,2.27,4.55,0.36,1.95,1.43,-0.07,0
MSMB,-1.84,0.7,1.11,-0.64,-0.39,6.62,-1.42,8.92,1.78,-2.12,-0.01,0.42,0,-0.07,-3.52,1.59,2.48,-0.17,0.99,-2.44,0.09,-1.25,1.97,6.3,2.27,4.54,0.22,1.81,1.46,0,-2.34
CEACAM6,-0.55,1.91,-2.4,-4.15,-4.09,2.28,-3.7,1.86,-0.67,-3.28,0.38,-1.78,2.99,-3.1,1.77,2.67,-1.21,-3.24,3.44,0.88,-2.5,-4.24,4.38,3.27,1.77,3.07,-3.92,0,-1.71,-1.82,2.74
CEACAM6,-0.27,1.69,-2.49,-4.48,-4.28,2.1,-3.64,1.57,-1.02,0,0.3,-1.6,3.35,-3.62,1.85,2.73,-1.37,-2.6,3.29,0.91,-2.29,-4.82,4.51,0,2.13,2.92,-5.08,-0.33,-1.76,-2.16,2.48
CD24,-2.92,-0.92,0.16,-0.35,-0.33,-0.3,-0.09,-8.26,0,0.98,0.33,0.04,-0.25,-6.62,-0.45,-3.95,-0.69,0.58,-1.02,-8.62,-0.3,0,1.42,0,-6.1,1.88,-0.23,0.52,1.04,-0.68,-0.5
VTCN1,0.24,-0.4,1.51,0.91,1.24,-3.02,0.83,-6.7,0.7,-1.81,-1.42,0.85,0.02,-7.33,-1.34,0,-2.15,-0.21,-0.21,-6.41,0.46,-0.05,0.03,-3.45,-8.04,0.48,0.03,1.38,0.32,0.27,-1.22
UGT2B7,-0.8,6.08,6,-0.05,7.35,0.67,-1.13,-0.9,1.67,-0.62,3.49,-0.57,1.33,-1.92,-0.56,-0.96,-1.17,1.25,0.27,1.38,0.07,-0.96,-0.23,8.06,-0.54,1.4,0.23,-0.49,-1.27,-0.42,-1.19
CALML5,-1.88,7.18,-2.16,-1.27,0.92,0,0.78,1.07,-0.51,0.13,0.78,5.21,1.24,-1.37,1.68,-2.3,0,4.59,0.7,0,0.64,-1.23,-0.83,0,6.62,5.89,-0.27,4.57,0.68,-1.63,-1.1
GRB14,4.79,3.01,-1.58,3.85,2.36,0.07,3.5,6.8,-1.59,0.35,0.37,2.17,-0.68,-2.19,-3.3,-1.84,0.64,-2.6,-0.1,0.82,0,0.32,-2.7,4.23,3.77,5.61,-0.03,-0.8,-0.72,1.92,0.25
POTEC,2.27,-3.12,0,3.31,-0.35,2.31,2.49,4.38,1.5,-6.35,-2.84,-2.65,3.17,0.85,-5.8,3.41,2.32,0.93,1.16,2.54,0.92,-0.92,1.35,1.76,0,0,1.22,-0.89,-3.13,0.23,-0.18
POTEB,2.38,-2.79,-4.05,3.23,-0.2,2.01,2.44,4.55,1.23,-5.63,-3.1,-2.89,3.46,0.43,-3.35,3.47,2.04,1.35,0,2.96,0.56,-1.12,1.92,0,3.01,0.11,1.23,-1.04,-3.15,0.07,-0.18
IGJ,-1.08,-2.89,0.86,1.43,3.66,1.98,2.12,2.03,1.57,-1.77,2.4,0.92,-0.84,-4.06,0.37,-1.42,-1.06,0.91,-1.75,-6.42,-2.3,-1.06,-1.52,-2.97,-5.56,-5.22,1.82,0.97,0,-4.07,-1.99
BEX2,4.41,-3.09,0.6,7.56,0.6,1.66,1.31,0.36,1.27,-0.65,-2.21,-1.14,-0.65,-4.78,-2.1,-2.82,1.97,-1.12,-1.99,-0.38,3.05,0.37,0.49,-0.92,-3.34,0.4,5.16,1.93,0.41,-0.42,-0.29
TFAP2B,0.74,-3.11,1.56,-3.46,0.52,-4.24,2.2,-7.62,0.65,1.18,-0.45,2.16,0.65,0,1.48,-6.69,-3.23,-4.09,-2.67,0,2.03,1.11,0.3,-1.98,-0.57,-1.26,-1.26,0.48,1.05,-1.81,1.84
TFF3,2.56,3.6,0,0.24,1.39,4.41,0,4.45,1.33,1.25,-3.52,-1.73,3.88,4.06,-0.1,1.93,-0.59,-3.66,2.38,3.64,-0.1,-2.37,4.95,0,-0.32,-0.4,0.2,-2.08,-1.12,0,3.45
TFF3,2.58,3.74,1.07,0.18,1.33,4.62,1.6,4.53,1.48,1.42,-3.5,-1.59,0,4.12,-0.09,1.92,-0.46,-3.5,2.46,3.79,-0.01,-2.32,5.16,5.29,-0.29,-0.34,0.23,-2.07,-1.09,4.31,3.57
TFF3,0.93,3.33,0.97,-1.18,1.4,3.05,1.11,1.58,0.73,0.57,0,-2.38,3.02,1.99,-0.45,1.56,0.3,-4.02,0.75,2.66,-0.15,-2.6,4.37,4.43,-1.63,-1.1,-1.03,-2.2,-1.93,3.4,1.38
TFF3,0.66,2.2,0.16,0.37,1.21,1.6,0.18,0.87,0.19,-0.12,-1.97,-2.61,1.05,1.09,-0.03,0.94,0.66,-2.23,0.33,1.67,0.74,-1.02,2.23,1.9,-1.69,-1.03,-0.08,-0.2,-0.48,1.27,0.65
POTEG,1.56,-2.51,-3.79,2.82,0.04,3.09,2.79,4.35,1.08,-5.32,-3.1,-2.87,3.12,0.77,-4.01,3.09,1.8,0.5,1.56,3.11,0.92,-0.93,1.59,-0.08,2.69,0.64,-0.47,-1.48,-3.29,0.43,-0.16
POTEG,0.91,0,0,3.07,0,0.61,1.99,3.99,0.57,-4.22,-3.41,0,2.29,0.15,-1.68,2.8,1.61,0.05,0.44,2.35,-0.11,-1.91,1.7,0.59,3.74,-0.01,0.22,-1.05,0,-0.73,-0.04
CNTNAP2,5.34,3.39,-3.56,1.32,0.42,1.68,0.11,-1.75,-0.69,0.42,0.83,-0.52,1.97,-1.65,-3.26,6.25,0.26,-1.98,-1.09,1.3,5.66,-2.02,3.44,2.27,-2.67,1.19,0.42,3.21,-1.06,0.45,-1.05
CNTNAP2,0,0,0,0,0,0,0,0,0,0,0,0,0,0,0,0,0,0,0,0,0,0,0,0,0,0,0,0,0,0,0
CNTNAP2,0,0,0,0,0,0,0,0,0,0,0,0,0,0,0,0,0,0,0,0,0,0,0,0,0,0,0,0,0,0,0
MMP1,2.77,3.09,-0.03,-0.68,-0.64,-0.21,-0.9,-1.5,-0.53,2.08,8.37,-0.67,1.1,-1.42,4.86,3.88,2.42,0.51,4.8,-0.75,0.57,-0.18,4.21,0.39,1.56,4.47,0.66,0.64,0.84,5.56,4.88
UGT2B28,-1.47,5.21,6.57,-0.58,6.62,0.18,-0.66,-0.79,1.15,-1.2,1.69,0,1.02,-2,0,0,0,-1.57,-1.79,-0.27,-0.46,-1.75,0,7.26,0,0.27,0,0,0,0,0
UGT2B15,-1.88,1.83,2.31,-1.71,5.53,4.15,-1.2,3.77,-0.94,-3.07,0.4,-1.9,3.12,-2.4,-1.9,-1.69,0,5.07,-0.08,2.79,0.98,-0.12,2.68,5.28,2.19,3.08,1.32,-0.06,0.4,0,-1.29
S100P,0.92,5.09,1.27,-3.6,-2,1.26,-0.37,1.72,-1.33,-1.1,1.62,0.37,0.64,-2.39,-0.05,3.55,-0.93,-1.65,2.12,1.03,-0.15,-1.6,4.36,4.75,4.51,0.58,-3.82,-2.41,0,-2.68,2.54
LTF,0.78,0.99,0.21,-1.83,1.15,-1.47,0.2,0.45,-0.18,2.3,-1.51,1.01,0.96,-6.9,-1.94,-2.58,-6.4,2.93,0.67,-3.51,0.81,0.65,-2.17,0.76,-3.71,0.62,-1.53,0.61,-3.16,0.37,-4.68
POTEE,1.98,0,-0.84,2.58,0.46,-0.21,3.15,4.62,-0.33,0,-2.56,-1.94,2.73,-1.25,-0.01,3.46,-0.48,1.08,2.31,4.33,-0.12,-1.29,4.49,3.41,4.92,1.81,1.46,-0.56,-1.73,-0.11,0.45
POTEE,0.02,-2.33,-1.09,-0.3,-0.66,0.34,-0.38,-0.27,0.08,0.9,0,0.4,0.73,0.2,0.36,0.2,0.36,0.79,0.78,0.7,-0.96,0.17,-1.52,-2.52,-0.46,-0.72,-1.13,-0.55,-0.46,0.02,-0.47
POTEE,1.58,-4.78,-2.06,2.44,-0.32,1.25,2.23,3.81,0.93,-5.28,-2.72,-2.31,2.92,0.02,-2.08,3.2,1.86,-0.07,2.03,3.15,0.55,-1.07,2.88,1.7,2.92,0.41,0.19,-1.8,-3.01,-0.5,-0.67
POTEE,-0.35,0,-0.78,0,-0.25,-1.52,2.1,5.21,0.02,0,-2.57,-1.8,3.35,0,-0.72,3.07,-1.68,-1.6,3.01,4.56,-1.4,-1.22,4.92,3.27,4.25,1.83,0,-1.68,-2.34,0,0
TFF3,2.56,3.6,0,0.24,1.39,4.41,0,4.45,1.33,1.25,-3.52,-1.73,3.88,4.06,-0.1,1.93,-0.59,-3.66,2.38,3.64,-0.1,-2.37,4.95,0,-0.32,-0.4,0.2,-2.08,-1.12,0,3.45
TFF3,2.58,3.74,1.07,0.18,1.33,4.62,1.6,4.53,1.48,1.42,-3.5,-1.59,0,4.12,-0.09,1.92,-0.46,-3.5,2.46,3.79,-0.01,-2.32,5.16,5.29,-0.29,-0.34,0.23,-2.07,-1.09,4.31,3.57
TFF3,0.93,3.33,0.97,-1.18,1.4,3.05,1.11,1.58,0.73,0.57,0,-2.38,3.02,1.99,-0.45,1.56,0.3,-4.02,0.75,2.66,-0.15,-2.6,4.37,4.43,-1.63,-1.1,-1.03,-2.2,-1.93,3.4,1.38
TFF3,0.66,2.2,0.16,0.37,1.21,1.6,0.18,0.87,0.19,-0.12,-1.97,-2.61,1.05,1.09,-0.03,0.94,0.66,-2.23,0.33,1.67,0.74,-1.02,2.23,1.9,-1.69,-1.03,-0.08,-0.2,-0.48,1.27,0.65
KRT23,-0.46,4.66,-1.21,4.66,0.86,0.48,3.23,-4.41,1.61,1.54,0.52,-1.88,0.3,-5.42,1.44,-1.6,1.3,-4,-2.17,-1.49,0.06,-1.16,-0.4,-2.41,2.01,0.12,0.65,0.35,-0.61,-0.74,3.11
HHIPL2,-0.88,4.9,-2.49,0.12,-1.5,-0.77,-1.24,3.92,-2.58,-1.85,2.23,0.72,0,-0.91,4.02,-2.98,-0.06,-1.7,0,2.91,-0.2,-1.48,1.82,3.61,6.45,1.01,0,-0.09,0.42,-1.85,0.96
HHIPL2,0,0,0,0,0,0,0,0,0,0,0,0,0,0,0,0,0,0,0,0,0,0,0,0,0,0,0,0,0,0,0
UGT2B10,-0.69,4.88,5.55,0.23,6,1.28,-0.9,0.29,1.88,-0.96,2.2,-0.77,2.98,-1.59,-1.07,-1.09,-1.34,2.48,-0.07,1.01,-0.26,-1.53,1.46,6.61,0.04,0.83,-0.66,-0.9,-1.04,-0.72,-1.48
UGT2B10,0,0,0,0,0,0,0,0,0,0,0,0,0,0,0,0,0,0,0,0,0,0,0,0,0,0,0,0,0,0,0
SLC1A1,4.26,2.08,-2.72,-3.36,2.79,0.99,0.6,1.08,2.07,-0.79,-1.82,-1.72,0.58,-0.13,-2.91,1.11,-2.98,-3.37,-0.28,1.74,2.12,2.65,-1.8,3.32,5.03,3.22,-0.71,3.02,0.08,1.05,-1.13
SLC1A1,0,0,0,0,0,0,0,0,0,0,0,0,0,0,0,0,0,0,0,0,0,0,0,0,0,0,0,0,0,0,0
CA2,2.67,4.21,-1.11,-2.33,1.81,-2.54,0.34,-2.54,-1.92,-0.14,0.4,0.4,1.5,2.81,0.12,-1.77,-1.24,-0.82,0.3,8.39,-0.95,0.03,-0.32,3.59,-0.56,2.12,-0.26,-0.66,-2.21,1.88,0.03
SLITRK6,3.6,4.01,-0.94,3.69,0.01,-0.91,1.88,4.04,-1.95,-1.28,-1.32,0,0.34,-1.86,3.43,0,1.75,-2.88,-0.56,3.94,1.37,-1.77,3.15,4.72,4.49,3.43,1.69,1.9,-0.98,3.5,0
POTEE,1.98,0,-0.84,2.58,0.46,-0.21,3.15,4.62,-0.33,0,-2.56,-1.94,2.73,-1.25,-0.01,3.46,-0.48,1.08,2.31,4.33,-0.12,-1.29,4.49,3.41,4.92,1.81,1.46,-0.56,-1.73,-0.11,0.45
POTEE,0.02,-2.33,-1.09,-0.3,-0.66,0.34,-0.38,-0.27,0.08,0.9,0,0.4,0.73,0.2,0.36,0.2,0.36,0.79,0.78,0.7,-0.96,0.17,-1.52,-2.52,-0.46,-0.72,-1.13,-0.55,-0.46,0.02,-0.47
POTEE,1.58,-4.78,-2.06,2.44,-0.32,1.25,2.23,3.81,0.93,-5.28,-2.72,-2.31,2.92,0.02,-2.08,3.2,1.86,-0.07,2.03,3.15,0.55,-1.07,2.88,1.7,2.92,0.41,0.19,-1.8,-3.01,-0.5,-0.67
POTEE,-0.35,0,-0.78,0,-0.25,-1.52,2.1,5.21,0.02,0,-2.57,-1.8,3.35,0,-0.72,3.07,-1.68,-1.6,3.01,4.56,-1.4,-1.22,4.92,3.27,4.25,1.83,0,-1.68,-2.34,0,0
POTED,1.62,-1.53,0,2.58,-0.33,0.95,1.64,5.09,0.83,-4.04,-2.77,-2.24,4.56,-0.29,-2.13,3.29,1.55,2.03,2.6,3.91,0.41,-1.06,0,2.82,3.08,0.67,0.22,-1.7,-3.12,-0.54,-0.52
POTED,1.75,-3.75,-4.46,2.63,-0.73,1.51,1.82,3.97,0.71,0,-3.59,-2.79,2.77,0,-3.83,2.8,0,0,0,2.21,0.22,-1.64,2.31,1.72,2.54,-0.26,0.66,-1.45,-3.51,-0.46,-0.65
DKK1,0,0.15,0.78,0,-1.14,-1.79,-0.6,-2.69,0.58,-0.34,3.65,0,-2.85,-3.04,6.26,-1.77,-0.27,-1.7,-1.45,-3.08,-2.59,-1.46,0.66,-2.28,0,5.62,1.36,2.6,1.4,0.83,0.55
CHRDL1,0,0,0,0,0,0,0,0,0,0,0,0,0,0,0,0,0,0,0,0,0,0,0,0,0,0,0,0,0,0,0
CHRDL1,-0.35,0,0.65,0.51,2.52,0.21,1.46,0.01,-0.94,0.05,-2.38,2.83,-0.34,-5.59,-0.48,-0.64,-2.34,-0.18,-1.69,-7.48,0.13,1.66,-2.08,-2.58,-4.77,0,0.67,0.2,3.1,-1.52,-1.48
CP,-0.24,3,2.2,-0.54,-0.21,-0.91,-0.99,-2.6,-1.89,1.93,5.99,-0.8,-1.71,-0.97,6.78,-0.93,1.48,2.92,1.58,0.83,-0.95,1.75,3.94,1.16,4.53,2.63,2.04,0.62,-0.19,2.3,-0.24
POTED,1.62,-1.53,0,2.58,-0.33,0.95,1.64,5.09,0.83,-4.04,-2.77,-2.24,4.56,-0.29,-2.13,3.29,1.55,2.03,2.6,3.91,0.41,-1.06,0,2.82,3.08,0.67,0.22,-1.7,-3.12,-0.54,-0.52
POTED,1.75,-3.75,-4.46,2.63,-0.73,1.51,1.82,3.97,0.71,0,-3.59,-2.79,2.77,0,-3.83,2.8,0,0,0,2.21,0.22,-1.64,2.31,1.72,2.54,-0.26,0.66,-1.45,-3.51,-0.46,-0.65
PGR,3.95,-2.05,2.24,1.69,2.58,1.63,2.74,1.31,0.34,0.36,-1.06,-1.13,1.5,1.35,0.1,2.78,0,0.9,-1.48,5.22,0,1.45,1.74,0,5.02,1.95,2.53,0.37,-0.77,2.93,3.89
PGR,3.85,-1.79,2.29,2.07,3.44,2.44,3.22,1.26,1.12,-0.15,-1.6,-2.02,1.11,-2.27,-1.29,2.59,0,-0.44,-1.8,6.01,1.48,1.86,0.99,5.07,4.62,2.86,3.07,1.08,0.27,3.77,4.72
SLC6A4,2.98,0,3.61,5.43,-0.27,-1.34,1.69,4.36,2.67,-0.32,1.5,-0.73,-1.04,0.43,-1.67,-1.6,1.85,-0.8,-0.18,0.39,3.59,3,-0.72,-1.25,-2.07,-0.01,0.58,6.26,-0.7,-0.55,4.14
SLC6A4,0,0,0,0,0,0,0,0,0,0,0,0,0,0,0,0,0,0,0,0,0,0,0,0,0,0,0,0,0,0,0
SPP1,3.6,0.7,1.12,-1.53,-1.49,-2.96,-1.9,0.23,-1.02,0.81,2.06,-2.54,1.27,-2.38,2,-0.3,3.81,-2.19,2.12,-0.07,0.44,-2.12,0.28,4.31,0.01,2.48,0.35,0.81,0.7,5.73,4.78
G0S2,0.92,-3,1.35,1.18,3.33,-0.04,1.76,2,-1.02,1.11,-1.3,2.6,0.56,-3.69,1.2,0.56,-1.34,-0.69,-1.95,-5.58,0.64,1.56,-3.92,-1.68,-4.25,-3.19,0.98,0.04,3.31,-0.56,-0.71
NKAIN1,2.27,0.53,0,1.87,-1.9,5.93,2.11,3.28,2.48,3.8,-1.34,-1.44,1.06,-0.94,-2.06,1.37,4.87,0.87,2.24,7.16,1.4,2.54,1.78,0.91,-0.3,3.36,3.57,-0.84,0.54,3.38,4.25
GRPR,0,0,0,0,0,0,0,0,0,0,0,0,0,0,0,0,0,0,0,0,0,0,0,0,0,0,0,0,0,0,0
GRPR,4.34,0,2.79,4.66,1.71,-3.58,3.4,-2.9,1.76,1.19,-1.98,-2.17,-1.47,0,1.63,0.29,3.06,-1.85,1.29,1.08,3.55,-0.46,0,0.03,-3.1,2.51,2.92,1.69,-0.03,2.54,3.35
GRPR,2.06,0.66,0.75,1.3,0.11,-0.77,2.13,-0.38,1.24,0.71,-0.07,-0.46,-0.62,-0.79,0.47,-0.46,0,-0.25,0.7,0.46,0.91,-0.02,-0.13,0.23,-0.05,0.57,1.36,0.52,-0.11,0.53,1.47
KLK11,1.47,-0.84,0.72,0.53,1.08,0.15,0,4.83,4.04,-1.22,0.28,1.63,0.1,8.27,1.27,3.62,-1.4,0.47,0.86,2.34,-0.01,-1.26,-0.57,5.08,-0.46,1.61,0.03,0.18,-1.17,-1.66,-1.6
CYP4X1,-2.71,3.1,-0.04,-1.06,1.22,-2.42,1.44,-2.56,2.5,1.77,-5.42,1.1,-1.46,-3.04,-3.33,-1.77,0.26,-0.82,-2.79,1.94,-1.52,-2.48,-1.89,3.01,1.03,2.38,-3.35,1.9,0.45,-1.98,0.69
CYP4X1,-2.53,2.09,0.12,-1.3,1.11,-2.29,0,-0.94,1.31,1.29,-5.02,0.37,-1.61,-3.79,-3.52,-1.81,0.7,-0.47,-2.17,1.1,-1.17,-1.9,0,1.46,0.71,1.52,-3.67,1.32,-0.02,-1.66,0.17
ERP27,-0.24,0,1.84,-0.01,1.46,2.6,0,0.1,2.69,1.13,-1.32,0.7,-4.06,-4.26,0,-5.29,-1.97,-2.09,1.9,-6.78,-1.46,0.04,-1.42,-0.11,-2.79,-1.35,0.43,1.12,-0.39,0.91,-1.13
UBD,1.25,0.96,1.91,-1.84,-0.56,-0.74,-0.21,0,-0.7,2.35,3.91,0.02,0.78,-5.18,2.89,-2.09,0.82,3.24,-0.43,-5.07,2.86,0,1.23,-2.31,-3.94,-0.76,-0.4,1.95,-1.53,-1.22,0.14
UGT2B17,0,0,0,0,0,0,0,0,0,0,0,0,0,0,0,0,0,0,0,0,0,0,0,0,0,0,0,0,0,0,0
UGT2B17,-1.29,3.21,2.96,-0.8,5.08,3.58,-1.32,3.5,-0.48,-1.56,0.78,-0.76,3.17,-1.7,-0.94,-1.17,-1.34,4.83,-0.41,2.46,0.71,-0.07,2.76,5.28,2,2.3,0.54,-0.38,0.27,-1.25,-1.35
CEACAM7,0,0,0,0,0,0,0,0,0,0,0,0,0,0,0,0,0,0,0,0,0,0,0,0,0,0,0,0,0,0,0
CEACAM7,-0.79,1.39,-2.21,-3.16,-2.78,1.92,-3.18,1.35,-0.75,-2.42,-0.45,-1.35,2.93,-1.65,1.6,2.48,-0.8,0,2.99,0.54,-2.72,-3.27,3.84,2.89,1.42,2.43,-2.5,-0.05,-2.14,-1.83,2.12
PON3,-3.13,1.18,-2.42,-1.34,1.62,1.66,3.6,2.85,0.28,1.48,-2.84,-0.33,3.54,0.48,-2.82,-2.77,-4.26,0.19,-0.48,-1.6,-2.12,2.35,2.81,-2.7,3.35,0,-1.95,0.72,0.2,-0.04,-0.49
PTPRT,0,0,0,0,0,0,0,0,0,0,0,0,0,0,0,0,0,0,0,0,0,0,0,0,0,0,0,0,0,0,0
PTPRT,1.07,-2.09,1.76,-3.72,0.61,1.43,0.05,-0.13,0,0.95,-5.15,0.06,0.18,-0.34,-6.23,1.39,-4.42,0.18,0.2,1.56,0.25,-0.87,1.65,1.64,2.72,-2.18,-3.38,-2.01,0.12,-1.49,1
MAOB,0.27,1.29,-0.81,-0.78,0.35,-1.67,2.08,-1.86,-0.94,2.08,-1.27,-0.24,0,-1.67,-0.97,-2.32,-4.98,2.13,-2.71,-1.04,0.38,1.65,-0.04,-3.64,-5.62,-0.73,-0.95,2.99,4.43,0.77,1.38
MAOB,0.15,1.69,0.09,0,0,-0.87,1.67,-1.13,-0.76,2.07,-0.71,-0.34,2.29,0,-0.78,-2.07,-4.34,2.03,-1.32,-0.21,0,0,0.4,0,0,-0.04,-0.79,0,3.64,1.22,0
SLC4A4,0,0,4.56,0.04,3.08,0,-0.04,-0.88,-0.49,-1.25,1,0.4,-1.22,-0.2,-0.46,0.58,0,-0.94,-0.97,6.42,-0.5,1.02,0,5.26,-1.28,0,0.42,0,0.07,0,0
SLC4A4,0,0,0,0,0,0,0,0,0,0,0,0,0,0,0,0,0,0,0,0,0,0,0,0,0,0,0,0,0,0,0
SLC4A4,-0.53,0,5.15,-0.22,3.93,-1.43,0.71,-0.72,-0.06,-2.14,0.22,0,-2.26,-0.8,-0.34,-0.08,0,-1.08,-1.6,7.04,0.21,1.44,0,5.88,0,0,0,0,1.12,-0.53,0
COL11A1,0.9,1.14,-0.95,-5.33,-3.36,-4.99,-3.04,-1.61,-0.81,0.57,1.43,-4.93,0.42,-5.05,0.17,0.88,0.31,-2.84,1.87,-0.11,0.65,0.19,1.43,0.19,0.73,0,0.77,-1.82,0.12,0.83,1.44
C8orf84,-2.01,1.38,-0.18,-0.87,-0.11,0.54,1.04,-1.62,3.94,0.61,-0.69,0.92,-1.61,-4.74,-2.97,-1.16,3.86,-0.29,-0.93,4.15,-1.25,1.73,-0.55,4.18,-2.6,1.67,1.03,1.26,-0.07,1.9,-2.46
C8orf84,0,0.32,0,-1.77,-1.18,-0.49,-0.37,-2.12,2.35,-0.05,-1.03,0.12,-2.69,0,0,-2.48,3.27,-1.1,-1.17,3.17,-2.2,1.22,-1.1,3.61,0,0.83,-0.63,0.45,-0.78,1.27,0
TDRD12,0,0,0,0,0,0,0,0,0,0,0,0,0,0,0,0,0,0,0,0,0,0,0,0,0,0,0,0,0,0,0
TDRD12,-1.22,0,-1.23,0.16,-1.09,2.42,1.03,-1.6,-0.84,5.87,0,0.58,-1.61,6.17,-1.16,0,6.14,-1.17,-0.53,-2.64,-0.56,-0.53,-0.5,0.07,0,0,1.27,0.62,-0.08,-0.62,1.65
AREG,1.29,-1.13,-0.67,-0.75,2.7,2.07,3.63,-1.3,1.06,0.5,3.22,-0.27,1.73,-2.38,-1.01,-2.38,-2.46,-0.8,0.09,2.19,0.58,2.25,0.22,0.85,1.41,7.01,3.17,2.39,2.3,4.68,0.13
ROPN1,-2.26,0.65,-0.46,1.46,5.24,1.12,1.53,-2.44,1.75,0.88,-0.74,-0.51,-3.15,-2.71,-2.78,-1.54,-2.55,0.22,-0.28,-3.13,1.15,0.39,0.38,-2.5,-2.26,0,3.39,4.38,1.53,0,-0.73
KREMEN2,1.27,6.11,0,-1.41,-0.1,-0.14,1.92,-1.59,-0.89,3.44,0.06,3.1,0.82,3.24,2.73,-1.93,3.64,-1.57,1.91,2.67,1.73,-1.11,-0.65,-1.09,-1.13,4.55,1.31,2.66,-2.02,3.37,0.54
GFRA1,1.99,-2.55,3.33,4.99,0.04,-0.93,2.29,4.08,1.31,2.92,-1.56,-0.71,1.57,4.47,-1.6,-1.83,3.71,2.82,2.77,0,1.68,2.8,0.07,2.31,-0.93,0.15,1.22,0,-0.65,2.42,1.37
GFRA1,1.75,0,2.49,4.91,-0.48,0,1.85,3.27,1.71,3.21,-2.52,-1.08,2.31,4.47,-1.93,-2.85,3.93,2.85,2.77,3.89,-0.76,2.03,-1.05,1.39,-2.2,0,0.74,0.04,-1.28,1.89,0.23
TFF3,2.56,3.6,0,0.24,1.39,4.41,0,4.45,1.33,1.25,-3.52,-1.73,3.88,4.06,-0.1,1.93,-0.59,-3.66,2.38,3.64,-0.1,-2.37,4.95,0,-0.32,-0.4,0.2,-2.08,-1.12,0,3.45
TFF3,2.58,3.74,1.07,0.18,1.33,4.62,1.6,4.53,1.48,1.42,-3.5,-1.59,0,4.12,-0.09,1.92,-0.46,-3.5,2.46,3.79,-0.01,-2.32,5.16,5.29,-0.29,-0.34,0.23,-2.07,-1.09,4.31,3.57
TFF3,0.93,3.33,0.97,-1.18,1.4,3.05,1.11,1.58,0.73,0.57,0,-2.38,3.02,1.99,-0.45,1.56,0.3,-4.02,0.75,2.66,-0.15,-2.6,4.37,4.43,-1.63,-1.1,-1.03,-2.2,-1.93,3.4,1.38
TFF3,0.66,2.2,0.16,0.37,1.21,1.6,0.18,0.87,0.19,-0.12,-1.97,-2.61,1.05,1.09,-0.03,0.94,0.66,-2.23,0.33,1.67,0.74,-1.02,2.23,1.9,-1.69,-1.03,-0.08,-0.2,-0.48,1.27,0.65
HBA2,0.1,-0.58,-0.1,0.48,2.53,1.31,1.83,0,2.92,-0.39,-0.79,0.5,1.29,-0.42,-0.04,3.91,0,0.92,-0.3,-0.78,-0.77,2.49,0.11,-1.24,0.43,-1.48,2.71,-1.01,-0.12,-1,-1.14
HBA2,-0.51,0.26,0.32,0,4.35,2.81,2.36,1.81,5.33,-0.32,-1.45,-0.2,1.81,-0.85,-0.04,4.94,-2.18,0.72,-1.7,-1.92,-0.76,4.24,0.56,-0.45,0.11,-1.54,4.27,-0.69,-0.36,-0.89,-0.63
SAA1,-0.09,-0.86,0.95,0.27,1.1,-0.64,1.07,0.6,0.03,1.21,-0.68,1.96,0.27,-4.01,0.6,0.41,-1.73,1.35,-1.32,-5.56,0.63,0.67,-2.45,-0.5,-7.78,-2.24,0.11,0.6,1.25,-2.54,-1.28
ANXA3,-0.54,1.34,1.18,-1.13,1.38,-0.99,0.9,-4.26,0.56,0.24,0.85,0.18,-0.17,-6,0.36,-3.09,-3.96,-0.91,-1.75,-6.26,-0.13,0.29,0.33,-1.86,0.86,0.58,0.67,0.81,-0.42,-2.82,-3.49
POTEE,1.98,0,-0.84,2.58,0.46,-0.21,3.15,4.62,-0.33,0,-2.56,-1.94,2.73,-1.25,-0.01,3.46,-0.48,1.08,2.31,4.33,-0.12,-1.29,4.49,3.41,4.92,1.81,1.46,-0.56,-1.73,-0.11,0.45
POTEE,0.02,-2.33,-1.09,-0.3,-0.66,0.34,-0.38,-0.27,0.08,0.9,0,0.4,0.73,0.2,0.36,0.2,0.36,0.79,0.78,0.7,-0.96,0.17,-1.52,-2.52,-0.46,-0.72,-1.13,-0.55,-0.46,0.02,-0.47
POTEE,1.58,-4.78,-2.06,2.44,-0.32,1.25,2.23,3.81,0.93,-5.28,-2.72,-2.31,2.92,0.02,-2.08,3.2,1.86,-0.07,2.03,3.15,0.55,-1.07,2.88,1.7,2.92,0.41,0.19,-1.8,-3.01,-0.5,-0.67
POTEE,-0.35,0,-0.78,0,-0.25,-1.52,2.1,5.21,0.02,0,-2.57,-1.8,3.35,0,-0.72,3.07,-1.68,-1.6,3.01,4.56,-1.4,-1.22,4.92,3.27,4.25,1.83,0,-1.68,-2.34,0,0
SPINK1,0.71,3.57,-0.43,0,-2.2,1.09,-1.8,0.46,-0.74,0.21,3.14,-0.36,1.25,-1.71,-0.78,1.79,0.6,4.67,7.17,-1.76,-1.94,-1.79,0.32,0.66,-1.85,0.41,1.47,-0.99,2,2.02,0.47
CRYM,-1.41,-1.46,4.05,-1.9,0,-0.55,0.9,2.74,3.18,-0.04,0.76,1.04,-2.31,-4.04,2.47,-1.14,1.01,-2.2,1.4,-2.72,0.32,-0.16,0.21,-3.33,-3.54,-0.52,1.17,-1.3,3.19,-0.61,2.57
KRT15,-0.43,1.17,-0.15,4.9,3.67,0.2,4.93,-3.36,2.48,-0.35,-1.23,-0.48,1.55,-1.57,-1.09,-1.33,-2.84,0.59,-0.19,-0.75,0.33,-0.15,2.49,-2.08,1.21,-1.35,2.85,2.54,0,-2.41,1.31
KLK8,-2.27,0.99,0.77,2.05,3.29,2.51,0,-2.63,3.68,-0.16,-0.8,-0.18,-1.44,-3.29,-1.17,-0.58,-2.88,0.15,0.69,-2.97,-1.02,0.55,0.6,-0.62,-1.3,-0.87,4.02,4.19,1.93,-2.43,-1.63
C10orf82,0.87,2.23,0,3.09,-0.62,0.61,-2.55,0,1.62,0,-3.31,-3.63,-0.43,-1.9,-3.17,0,1.27,-3.52,-4.33,-4.45,1.86,0.3,3.06,-2.71,0,0,-0.38,-1.12,0.6,0,1.09
C10orf82,0,0,0,0,0,0,0,0,0,0,0,0,0,0,0,0,0,0,0,0,0,0,0,0,0,0,0,0,0,0,0
CHST8,4.34,0.53,1.07,1.05,1.01,3.54,1.46,3.92,-0.75,2.74,-1.27,0.67,0.34,-1.81,-1.37,2.87,0.12,-0.67,1.03,5.88,4.81,3.64,-0.15,4.62,2.44,2.74,1.81,-0.57,-1.57,2.96,0.22
CHST8,0,0.57,0.39,0.67,0.39,2.9,1.04,3.34,-0.17,2.44,-0.83,0.27,0.16,-1.42,-0.62,2.65,0.39,-0.43,0.83,4.49,3.79,3.08,0,4.01,1.79,1.71,1.07,-0.33,-0.91,2.27,-0.16
KCNE4,3.7,-2.02,-1.4,0.4,-1.35,0.2,-1.27,-1.98,-2.06,1.69,-1.31,-0.04,3.43,4.62,-1.35,-2.03,-1.56,1.76,-0.32,5.01,2.45,-0.4,3.52,3.22,1.71,0.6,0.14,0.68,0.3,1.29,0.1
TMPRSS3,2.13,1.4,0.31,-1.03,0.21,-2.51,1.61,-1.45,1.9,0.46,-2.17,-1.56,1.56,-2.45,2.42,-1.97,-0.87,-0.53,1.68,0.38,-0.61,-0.29,0.63,-0.39,-2.34,-0.21,0.6,0.18,0.53,0.58,2.02
TMPRSS3,1.34,4.13,0.82,-3.3,0.07,-3.52,1.59,-2.83,1.94,0.52,-1.74,-1.06,0.15,-4.67,1.39,-4.15,-1.13,-2.85,1.76,0,0.36,0.63,0.76,-2,0.04,0.19,-1.2,0.97,0.01,1.58,2.59
CD36,0.5,-5.51,0.85,1.12,2.69,-0.85,0.56,0,-2.6,0.83,-0.25,1.26,-0.31,-3.34,0.47,-0.18,-0.37,-1.27,-0.27,-5.92,1.21,1.5,-2.36,1.72,-2.57,-1.85,1.43,-0.28,3.18,0,0.18
CD36,0.2,0,0,1.03,2.16,-0.73,-0.07,0.28,-2.17,0.72,0.41,1.92,0.46,-2.29,1.11,0.35,0,-0.85,-0.35,-5.34,0.76,1.37,0,1.76,0,-2.61,1.3,-0.93,1.91,0.39,-0.71
RET,0.84,0,1.08,1.37,0.96,0.91,-0.74,2.29,0,-2.82,0,-0.77,1.53,5.9,0,3.12,-0.29,0,-1.69,4.48,1.28,0.66,2.62,3.72,5.13,0.81,0,-1.58,0.15,1.3,-3.03
RET,0.04,0,0,0.79,-0.34,0.5,-0.8,2.65,0,-1.61,-1.04,-0.97,1.25,4,-1.44,2.19,0.42,1.36,-0.87,3.34,0.58,0.11,1.1,2.56,4.18,0.06,0,0,-0.65,0.21,0
MMP7,-0.71,0.16,0.96,0.01,1.29,0.57,-0.01,-3,0.71,1.12,0.1,-4.01,-0.54,-6.04,-0.23,-0.1,-0.35,0.73,0.68,-5.16,1.16,-0.26,2.02,-2.14,-4.41,0.07,2.16,1.35,-1,0,1.37
THRSP,-0.48,-5.42,0.93,1.28,1.87,0.73,1.05,0.83,-2.05,-0.38,-3.01,1.83,-0.88,-4.31,-0.14,-0.98,-1.55,-2.05,-4.14,-4.68,0.7,0.35,1.8,-1.98,0,0.58,1.64,0.83,1.62,-0.15,-1.64
THRSP,0,0,0,0,0,0,0,0,0,0,0,0,0,0,0,0,0,0,0,0,0,0,0,0,0,0,0,0,0,0,0
GSTT1,1.19,1.13,-3.85,-1.42,1.13,-3.54,-3.51,-3.02,0.73,-0.12,-3.26,-2.92,-0.58,0.44,0.49,-2.92,-0.07,-1.44,0.47,-3.39,0.76,0.15,-0.27,1.1,1.35,-0.63,0.47,0.76,-3.27,-0.95,0.77
GSTT1,1,1.28,0,-1.76,1.02,-4.69,-4.18,-4.13,0.8,-0.07,-4.13,-3.93,-0.65,0.36,0.58,-3.37,0,-1.77,0.32,-3.88,0.89,0.28,-0.23,1.37,1.29,-0.57,0.64,0.83,-3.85,-1.09,0.74
ATP6V0A4,-0.84,-1.65,2.71,2.06,1.94,3.52,-0.01,-3,0.88,-3.67,0.54,0,2.29,3.16,-0.76,-1.92,-1.97,3.73,-1.92,-1.08,-0.53,-1.38,2.53,2.11,0,-0.08,0.2,3.9,2,-0.73,-0.21
RNF183,3.75,5.14,0.24,0.96,0.37,-1.11,3.53,0.68,0.4,4.21,1.91,-2.49,1.36,0.54,1.48,-2.21,1.54,-2.28,-0.33,-1.21,1.73,2.09,0,-2.4,-2.05,0.58,-0.68,1.61,2.46,2.86,2.95
RNF183,2.15,3.48,0.35,0.43,0.32,-0.59,2.08,0.72,-0.01,2.41,1.04,-2.61,0.47,0,0.67,-2.41,0.39,-2.5,-0.24,-1.42,0.11,0.92,-1.66,0,0,0,-1.13,1.54,1.41,1.59,1.81
SDR16C5,0.41,1.21,-2.82,-2.71,0.54,1.45,-1.04,0.04,-0.76,-2.24,2.2,3.24,1.32,-3.75,-2.61,-2.2,-2.79,-2.25,-0.54,1.93,-2.51,1.2,2.57,1.99,2.1,3.06,-0.93,-0.33,-0.25,1.34,1.76
SDR16C5,0,0,0,0,0,0,0,0,0,0,0,0,0,0,0,0,0,0,0,0,0,0,0,0,0,0,0,0,0,0,0
SERPINA3,0.64,1.54,1.64,2.2,1.22,2.19,1.12,3.89,1.98,3.26,-0.14,-0.31,1.34,-3.45,-2.4,-2.16,4.14,1.85,0,2.39,-1.01,0.96,2.07,2.8,3.12,2.02,2.07,0.01,-0.39,0.48,0.95
SERPINA3,0.73,0,1.56,2.24,1.16,2.46,1.35,4.9,1.65,3.2,0,-0.89,1.05,-4.38,-2.78,-2.57,4.35,1.07,4.08,2.3,0.04,1.3,2.45,0,3.26,2.38,1.91,0.09,-0.31,0.68,1.14
NAT1,1.15,0.04,1.51,2.21,2.4,-0.1,1.94,2.73,0.98,1.52,-3.12,-1.66,1.32,-0.35,-2.67,-0.12,-0.47,-2.09,2.02,1.8,-2.9,1.82,-1.14,3.33,-2.9,2.79,-2.46,1.84,-0.43,3.52,2.32
KCNK1,-1.51,-2.39,-1.46,0.41,-1.78,-0.69,1.14,-4.99,-1.42,1.43,0.98,1.56,2.04,1.45,0.05,-0.8,0,-2.54,2.15,-3.11,2.48,-0.99,1.95,-4.29,2.77,1.29,-0.29,-0.68,0.6,-2.85,-1.98
GFRA1,1.99,-2.55,3.33,4.99,0.04,-0.93,2.29,4.08,1.31,2.92,-1.56,-0.71,1.57,4.47,-1.6,-1.83,3.71,2.82,2.77,0,1.68,2.8,0.07,2.31,-0.93,0.15,1.22,0,-0.65,2.42,1.37
GFRA1,1.75,0,2.49,4.91,-0.48,0,1.85,3.27,1.71,3.21,-2.52,-1.08,2.31,4.47,-1.93,-2.85,3.93,2.85,2.77,3.89,-0.76,2.03,-1.05,1.39,-2.2,0,0.74,0.04,-1.28,1.89,0.23
PCOLCE2,0.84,-3.11,0.78,1.1,3.12,-0.86,1.4,1.54,-1.41,1.22,-1.58,2.83,0.9,-3.75,0.88,0.88,-0.24,0,-1.07,-3.74,1.1,1.24,-3.02,-1.59,-3.1,-2.93,0.69,-0.9,3.69,0.1,-1.17
LOC642838,0.78,-2.89,-0.38,0.43,0.69,0.7,0.71,0.83,0.14,-0.82,0.59,0.26,-1.67,-2.12,0.12,0.28,0.82,1.6,-0.35,-5.95,1.02,0,-2.02,-0.16,-5.44,-5.71,0.37,-0.43,-2.77,-2.08,-0.36
